filesource,problem_num,filename,reply
"aks47u","54","PE054_Poker_hands.java",On a scale of 1 to 5, I would rate this program a 4 in terms of elegance. The program uses appropriate variable and method names, follows a clear structure, and employs bitwise operations efficiently. However, there are a few areas where the code could be improved for better readability and maintainability:

1. Formatting: The program could benefit from consistent indentation and spacing throughout the code. This would make it easier to read and understand.

2. Comments: While the program does contain some comments, it would be helpful to have more comments explaining the logic and purpose of certain sections of code. This would make it easier for other developers to understand and maintain the code in the future.

3. Code separation: The main method of the program does a lot of work, including file input/output, parsing, and determining the winner. It would be better to separate these responsibilities into different methods or classes, following the Single Responsibility Principle.

Overall, the program achieves its goal of determining the number of wins for Player 1 in a game of poker. With some improvements, it could be even more elegant and easier to understand.
"aks47u","74","PE074_Digit_factorial_chains.java",I would rate this program a 4 out of 5 in terms of elegance. 

Here are some reasons why: 
1. The program solves the problem efficiently by using a HashSet to keep track of the numbers in the chain and a precomputed array to store the factorials.
2. The logic of the program is clear and easy to follow.
3. The program also includes comments to explain the purpose of each section of code.
4. The program uses appropriate variable names and proper coding style.
5. The program provides the answer to the problem and displays the runtime.

However, there are a few areas that could be improved to make the program even more elegant:
1. The variables "counts" and "facts" could have more descriptive names.
2. The program could be broken down into smaller, reusable functions to improve code organization and readability.
3. The program could include more error checking and handling for edge cases and incorrect input.
"AlgoSolutions","1","pe001.py",I would rate this program a 5 on the elegance scale. The program efficiently calculates the sum of all multiples of 3 or 5 below 1000 using list comprehensions. The use of the built-in `sum()` function and the ternary operator `if x % 3 != 0 else 0` make the code concise and readable. Additionally, the program includes timing functionality to measure the runtime.
"AlgoSolutions","2","pe002.py",I would rate this program as a 4 out of 5 in terms of elegance. 

The code is concise and efficient, using a while loop to iterate through the Fibonacci sequence and add up the even-valued terms. The use of tuple assignment to swap values is a nice touch.

The program also includes a timer to measure the runtime, which adds to its functionality.

However, there are a few areas for improvement. 

Firstly, the variable names `a`, `b`, and `result` could be more descriptive to make the code easier to understand.

Secondly, it would be beneficial to add comments to explain the purpose and logic behind the code.

Overall, the program is well-written and achieves its goal effectively.
"AlgoSolutions","74","pe074.py",I would rate this program a 3.5 out of 5 in terms of elegance. 

The program is concise and straightforward, utilizing functions to break down the problem into smaller tasks. It correctly calculates the factorial sum of the digits and determines the length of each chain. The use of a list to track the chain of numbers is effective.

However, the program could be improved with better variable names to enhance readability and understanding. Additionally, the use of a list to check for the presence of a number in the chain could be replaced with a set for improved performance. The program could also benefit from comments to explain the logic and steps involved.

Overall, the program accomplishes its task efficiently, but there are some areas where it could be further enhanced for clarity and optimization.
"AnathLab","2","Problem_2.cpp",I would rate this program a 4 out of 5 in terms of elegance. 

The program efficiently calculates the sum of even-valued terms in the Fibonacci sequence up to a given range. It uses a simple while loop to generate the Fibonacci numbers and checks if each number is even before adding it to the sum. The use of unsigned long long for the sum ensures that large Fibonacci numbers can be handled. The program is concise and easy to understand.

However, there are a few areas where the program could be further improved for elegance:
- The function could be named more appropriately, such as "SumEvenFibonacciNumbers" to better represent its purpose.
- The variables x, y, and z could have more meaningful names to enhance readability.
- The range parameter in the function could be made const, as it is not modified within the function.
- The check for even numbers could be improved by using the modulus operator (%) directly in the if statement, rather than storing the result in a variable beforehand.

Overall, the program is well-written and effectively solves the given problem.
"HackerRankProjectEuler","2","002.cpp",On a scale of 1 to 5, I would rate this program a 3 in terms of elegance. While the code is functional and achieves its purpose, it could be improved by using more descriptive variable names and adding comments to explain the logic. Additionally, the code could benefit from dividing the logic into separate functions for better readability and maintainability.
"hacktoberfest-projecteuler","1","solution.c",On a scale of 1 to 5, I would rate this program a 3 in terms of elegance. 

The program effectively calculates the sum of all numbers divisible by 3 and 5 up to 1000, and it does so using a simple loop and conditional statements. 

However, there are a few areas where the program could be improved in terms of elegance:

1. The variable names could be more descriptive. The variables `m1`, `m2`, and `m3` could have more meaningful names that indicate what they represent.

2. The program could benefit from some comments to explain the logic or purpose of certain sections of code. This would make the program more readable and easier to understand for other developers.

3. The format of the code could be improved. The code could benefit from consistent indentation and spacing to enhance readability.

By making these improvements, the program would be more elegant and easier to understand for other developers.
"hacktoberfest-projecteuler","1","solution.java",I would rate this program a 4 out of 5 in terms of elegance. The code is well-organized and easy to read. It follows good naming conventions and has clear variable names. The logic is also straightforward and efficient.
However, there is room for improvement. The main() method could be simplified by directly calling the run() method instead of using the multiples() method. Additionally, the run() method could be made static since it does not use any instance variables.
Overall, the program is elegant and functional, but there are some minor improvements that could be made.
"nayuki-Project-Euler-solutions","1","p001.java",I would rate this program as a 3 out of 5 in terms of elegance. 

The program is fairly straightforward and easy to understand. The use of the modulo operator to check divisibility by 3 and 5 is a common and efficient approach for finding the sum of multiples. The code is also well-commented, making it clear what each section of the code is doing.

However, there are a few areas where the program could be improved. 

1. The class name "p001" is not very descriptive. It would be better to use a more meaningful name that reflects the problem being solved.

2. The use of the EulerSolution interface seems unnecessary for such a simple program. It adds unnecessary complexity without providing any clear benefits.

3. The variable name "sum" is slightly misleading, as it is actually storing the running total of the sum of the multiples. Renaming the variable to something like "total" would make the code more intuitive.

Overall, the program is functional and easy to understand, but there are some minor improvements that could be made to enhance its elegance.
"nayuki-Project-Euler-solutions","1","p001.py",I would rate this program a 3 out of 5 in terms of elegance. 

On one hand, the program achieves its objective of summing all numbers divisible by 3 or 5 below 1000 in a straightforward and efficient manner. The use of a generator expression to iterate through all the numbers and accumulate the sum is a concise and elegant approach.

On the other hand, the program could benefit from better code organization and documentation. Adding comments to explain the logic behind the code and breaking down the computation into smaller functions could improve readability and maintainability. Additionally, providing some context and a description of the problem being solved would make the program more understandable to others.
"nayuki-Project-Euler-solutions","2","p002.java",I would rate this program a 4 out of 5 in terms of elegance. 

The program is concise and efficiently solves the problem of finding the sum of even Fibonacci numbers. It uses simple arithmetic operations to calculate the next Fibonacci number in the sequence, and keeps track of the sum of even numbers using a single variable.

However, the program could be made even more elegant by using a more descriptive variable name than "p002". Additionally, the comments could be improved to provide more information about the algorithm and its reasoning.
"nayuki-Project-Euler-solutions","2","p002.py",On a scale of 1 to 5, I would rate this program a 4 for elegance. 

The program effectively calculates the sum of even Fibonacci numbers up to a certain limit (in this case, 4,000,000) using a simple iterative approach. The use of variables `x` and `y` to represent the current and next Fibonacci numbers is clear and understandable.

The program also makes use of a concise if statement to determine whether the current Fibonacci number is even and adds it to the sum accordingly.

Overall, the program is straightforward and efficient, which contributes to its elegance. However, there is still room for improvement, such as adding comments to explain the logic.
"nayuki-Project-Euler-solutions","54","p054_short.java",On a scale of 1 to 5, with 1 being not elegant at all and 5 being very elegant, I would rate this program a 4. 

The program uses efficient data structures and algorithms to calculate the score of each hand and compare them. It also handles invalid inputs and edge cases. The code is well-structured and easy to read, with clear variable and method names. The comments provide helpful explanations of the logic and reasoning behind certain choices. Overall, the program is concise and efficient in solving the problem it aims to solve.
"nayuki-Project-Euler-solutions","54","p054_short.py",I would rate this program as a 5 for elegance. It is well-organized, uses clear and concise variable names, and follows good coding practices, such as comments, function decomposition, and proper error handling. The program also demonstrates an efficient approach to solve the problem and utilizes bitwise operations for encoding the hand score. Overall, it is a well-written and elegant program.
"nayuki-Project-Euler-solutions","74","p074.java",On a scale of 1 to 5, I would rate this program a 3 in terms of elegance. 

The program follows a clear structure and uses appropriate variable names. It also uses efficient techniques such as memoization to store values and avoid unnecessary calculations. 

However, the use of a hard-coded array for factorials could have been avoided by calculating the factorials dynamically. Additionally, the main method could have been separated into smaller methods for better modularity and readability.
"nayuki-Project-Euler-solutions","74","p074.py",On a scale of 1 to 5, I would rate this program as a 3 in terms of elegance.

The program uses functions to split the logic into smaller, reusable parts, which is good for code organization. It also makes use of a set to keep track of previously seen numbers and to terminate the chain when a cycle is detected.

However, the program could be improved in a few ways to increase its elegance:

1. Using a more descriptive function name instead of "compute" would make the purpose of the function clearer.
2. Adding docstrings to the functions would provide clear instructions on their usage.
3. The variable name "ans" in the compute function is not descriptive, and it would be better to use a more meaningful name.
4. MAGIC_NUMBER like "60" should be moved to a named constant to improve code readability.
5. The factorialize function could be simplified by using the modulo operator and floor division operations instead of converting the number to a string and iterating over its digits.

Overall, the program is written in a way that is clear and understandable, but there are some areas where it could be improved to increase its elegance.
"project-euler-python","54","p054.py",On a scale of 1 to 5, I would rate this program a 3 in terms of elegance. 

The program is structured well with clear functions for each poker hand combination. The use of dictionaries to assign rank values to each card and the lambda function used in the sorting of ranks add to the elegance of the program. 

However, there are some areas that could be improved for better readability and maintainability. For example, the functions for checking pairs, three of a kind, and four of a kind could be combined into a single function with a parameter indicating the number of matching ranks to look for. This would reduce code duplication and make the program more concise.

Overall, the program is functional and implements the logic correctly, but there is room for improvement in terms of code organization and readability.
"stbrumme","54","euler-0054.cpp",On a scale of 1 to 5, I would rate this program a 3.
"stbrumme","74","euler-0074.cpp",On a scale of 1 to 5, I would rate this program a 4. It is reasonably elegant and well-structured. The problem is clearly defined and the algorithm for solving it is explained clearly in the comments. The code is organized into functions and uses appropriate data structures. The use of cache to store previously computed loop lengths is a good optimization. The inclusion of special treatment for numbers that link back to themselves is a nice touch. However, there are a few areas where the code could be improved. First, the variable names could be more descriptive. Second, there are a few places where the code could be simplified or made more concise. Overall, though, it is a well-written program.
